<?xml version="1.0" encoding="UTF-8"?>
<employees xmlns:xsi="http://www.w3.org/2001/XMLSchema-instance"
xsi:noNameSpaceSchemaLocation="Employees.xsd">
<Employee>
<employee_code>101</employee_code>
<employee_name>Preetham</employee_name>
<date_of_joining>10-JAN-2010</date_of_joining>
<employee_salary>18000</employee_salary>
<grade>A</grade>
</Employee>

<Employee>
<employee_code>102</employee_code>
<employee_name>Aakash</employee_name>
<date_of_joining>10-NOV-2005</date_of_joining>
<employee_salary>48000</employee_salary>
<grade>C</grade>
</Employee>

<Employee>
<employee_code>103</employee_code>
<employee_name>Kishore</employee_name>
<date_of_joining>19-DEC-2011</date_of_joining>
<employee_salary>21000</employee_salary>
<grade>B</grade>
</Employee>

<Employee>
<employee_code>104</employee_code>
<employee_name>Reena</employee_name>
<date_of_joining>23-JUN-2006</date_of_joining>
<employee_salary>42000</employee_salary>
<grade>C</grade>
</Employee>

<Employee>
<employee_code>105</employee_code>
<employee_name>Kailash</employee_name>
<date_of_joining>05-FEB-2004</date_of_joining>
<employee_salary>46000</employee_salary>
<grade>C</grade>
</Employee>

<Employee>
<employee_code>106</employee_code>
<employee_name>Sahana</employee_name>
<date_of_joining>18-NOV-2003</date_of_joining>
<employee_salary>52000</employee_salary>
<grade>C</grade>
</Employee>

<Employee>
<employee_code>107</employee_code>
<employee_name>Keerthana</employee_name>
<date_of_joining>25-JUL-2006</date_of_joining>
<employee_salary>27000</employee_salary>
<grade>B</grade>
</Employee>

</employees>







